id,name,model_id,group_id/id,operation,domain
access_adealer_vehicle_body_mgr,adealer.vehicle_body,vehicle.body,adealer.group_adealer_manager,crud,
access_adealer_repair_line_usr,adealer.repair_line,repair.line,adealer.group_adealer_user,crud,
access_partner_child_cleanup_wizard_mgr,adealer.partner.child.cleanup.wizard,partner.child.cleanup.wizard,adealer.group_adealer_manager,crud,
access_partner_address_import_wizard_mgr,adealer.partner.address.import.wizard,partner.address.import.wizard,adealer.group_adealer_manager,crud,
access_res_partner_address_import_mgr,adealer.res_partner_address_import,res.partner.address.import,adealer.group_adealer_manager,crud,
access_res_partner_import_mgr,adealer.res_partner_import,res.partner.import,adealer.group_adealer_manager,crud,
access_fleet_vehicle_import_mgr,adealer.fleet_vehicle_import,fleet.vehicle.import,adealer.group_adealer_manager,crud,
access_fleet_vehicle_model_import_mgr,adealer.fleet_vehicle_model_import,fleet.vehicle.model.import,adealer.group_adealer_manager,crud,
access_partner_import_wizard_mgr,adealer.partner.import.wizard,partner.import.wizard,adealer.group_adealer_manager,crud,
access_partner_balance_wizard_mgr,adealer.partner.balance.wizard,partner.balance.wizard,adealer.group_adealer_manager,crud,
access_partner_balance_wizard_line_mgr,adealer.partner.balance.wizard.line,partner.balance.wizard.line,adealer.group_adealer_manager,crud,
access_adealer_report_wizard_mgr,adealer.report.wizard,adealer.report.wizard,adealer.group_adealer_manager,crud,
access_adealer_report_wizard_line_mgr,adealer.report.wizard.line,adealer.report.wizard.line,adealer.group_adealer_manager,crud,
access_adealer_mechanic_output_report_usr,adealer.mechanic.output.report,adealer.mechanic.output.report,adealer.group_adealer_user,r,
access_adealer_repair_stage_mgr,adealer.repair.stage,adealer.repair.stage,adealer.group_adealer_manager,crud,
access_adealer_repair_stage_history_usr,adealer.repair.stage.history,adealer.repair.stage.history,adealer.group_adealer_user,crud,
access_adealer_part_analog_group_mgr,adealer.part.analog.group,adealer.part.analog.group,adealer.group_adealer_manager,crud,
access_adealer_lost_demand_usr,adealer.lost.demand,adealer.lost.demand,adealer.group_adealer_user,crud,
access_dealer_car_color_mgr,dealer.car.color,dealer.car.color,adealer.group_adealer_manager,crud,
access_dealer_car_complectation_mgr,dealer.car.complectation,dealer.car.complectation,adealer.group_adealer_manager,crud,
access_dealer_car_option_mgr,dealer.car.option,dealer.car.option,adealer.group_adealer_manager,crud,
access_dealer_car_status_history_usr,dealer.car.status.history,dealer.car.status.history,adealer.group_adealer_user,crud,
access_dealer_car_usr,dealer.car,dealer.car,adealer.group_adealer_user,crud,
access_dealer_car_image_usr,dealer.car.image,dealer.car.image,adealer.group_adealer_user,crud,
access_dealer_service_campaign_usr,dealer.service.campaign,dealer.service.campaign,adealer.group_adealer_user,crud,
access_dealer_service_campaign_line_usr,dealer.service.campaign.line,dealer.service.campaign.line,adealer.group_adealer_user,crud,
access_adealer_app_update,adealer.app.update,adealer.app.update,base.group_system,r,
access_dealer_organization_mgr,dealer.organization,dealer.organization,adealer.group_adealer_manager,crud,
access_adealer_service_request_usr,adealer.service.request,adealer.service.request,adealer.group_adealer_user,crud,
access_adealer_workplace_mgr,adealer.workplace,adealer.workplace,adealer.group_adealer_manager,crud,
access_adealer_repair_type_mgr,adealer.repair_type,adealer.repair.type,adealer.group_adealer_manager,crud,
access_adealer_service_booking_usr,adealer.service_booking,adealer.service.booking,adealer.group_adealer_user,crud,
access_adealer_error_report,adealer.error_report,adealer.error.report,base.group_system,crud,
access_adealer_doc_link_usr,adealer.doc_link,adealer.doc.link,adealer.group_adealer_user,cru,
access_adealer_doc_link_mgr,adealer.doc_link,adealer.doc.link,adealer.group_adealer_manager,crud,
access_adealer_doc_chain_usr,adealer.doc_chain,adealer.doc.chain,adealer.group_adealer_user,crud,
access_adealer_doc_chain_line_usr,adealer.doc_chain_line,adealer.doc.chain.line,adealer.group_adealer_user,crud,
access_adealer_doc_basis_usr,adealer.doc_basis,adealer.doc.basis,adealer.group_adealer_user,crud,
access_adealer_vehicle_body_usr,adealer.vehicle_body.user,vehicle.body,adealer.group_adealer_user,r,
access_adealer_repair_stage_usr,adealer.repair.stage.user,adealer.repair.stage,adealer.group_adealer_user,r,
access_dealer_car_color_usr,dealer.car.color.user,dealer.car.color,adealer.group_adealer_user,r,
access_dealer_car_complectation_usr,dealer.car.complectation.user,dealer.car.complectation,adealer.group_adealer_user,r,
access_adealer_workplace_usr,adealer.workplace.user,adealer.workplace,adealer.group_adealer_user,r,
access_adealer_repair_type_usr,adealer.repair_type.user,adealer.repair.type,adealer.group_adealer_user,r,
